施打站代碼,施打站簡稱,施打站全稱,施打站縣市,施打站行政區,施打站地址,施打站經度,施打站緯度,時段,剩餘名額,預約網址,預約電話,爬蟲程式碼位置,資料抓取時間,疫苗代碼
0101090517b,,臺北市立聯合醫院-陽明院區,臺北市,士林區,台北市士林區雨聲街105號,121.531566,25.105194,,,https://webreg.tpech.gov.tw/RegOnline1_2.aspx?ZCode=M&DeptCode=0100&deptname=COVID-19%e7%96%ab%e8%8b%97%e7%89%b9%e5%88%a5%e9%96%80%e8%a8%ba,02-28389167,,,
0101090517f,,臺北市立聯合醫院-中興院區,臺北市,大同區,台北市大同區鄭州路145號2F,121.508887,25.050692,,,https://webreg.tpech.gov.tw/RegOnline1_2.aspx?ZCode=G&DeptCode=0100&deptname=COVID-19%e7%96%ab%e8%8b%97%e7%89%b9%e5%88%a5%e9%96%80%e8%a8%ba,02-25523234,,,
0101090517g,,臺北市立聯合醫院-忠孝院區,臺北市,南港區,臺北市南港區同德路87號,121.586157,25.046506,,,https://webreg.tpech.gov.tw/RegOnline1_2.aspx?ZCode=Q&DeptCode=0100&deptname=COVID-19%e7%96%ab%e8%8b%97%e7%89%b9%e5%88%a5%e9%96%80%e8%a8%ba,02-27861288,,,
0101090517h,,臺北市立聯合醫院-仁愛院區,臺北市,大安區,台北市大安區仁愛路四段10號,121.545302,25.03754,,,https://webreg.tpech.gov.tw/RegOnline1_2.aspx?ZCode=F&DeptCode=0100&deptname=COVID-19%e7%96%ab%e8%8b%97%e7%89%b9%e5%88%a5%e9%96%80%e8%a8%ba,02-27093600,,,
0101090517i,,臺北市立聯合醫院和平院區,臺北市,中正區,臺北市中華路2段33號,121.506703,25.035591,,,https://webreg.tpech.gov.tw/RegOnline1_2.aspx?ZCode=H&DeptCode=0100&deptname=COVID-19%e7%96%ab%e8%8b%97%e7%89%b9%e5%88%a5%e9%96%80%e8%a8%ba,02-23889595,,,
0111070010,,衛生福利部基隆醫院,基隆市,信義區,基隆市信義區信二路268號,121.748322,25.130455,,,https://netreg.kln.mohw.gov.tw/OINetReg/OINetReg.Reg/Reg_NetReg.aspx,02-24292525,,,
0117030010,,衛生福利部臺中醫院,臺中市,西區,臺中市西區三民路一段199號,120.675711,24.140225,,,https://www.taic.mohw.gov.tw/?aid=301&page_name=detail&iid=5897,04-22294411,,,
0122020517,,衛生福利部嘉義醫院,嘉義市,西區,嘉義市西區福全里北港路312號,120.4308,23.479849,,,https://chyiwww001.chyi.mohw.gov.tw/OINetReg/OINetReg.Reg/Reg_RegTable.aspx?HID=F&Way=Dept&DivDr=0227&Date=&Noon=,05-2319090,,,
0131020016,,新北市立聯合醫院,新北市,三重區,新北市三重區新北大道1段3號、3之1號、板橋區英士路198號,121.49084,25.060869,,,https://reurl.cc/bzg9kE,02-29829111,,,
0131060010,,衛生福利部樂生療養院,新北市,新莊區,新北市新莊區中正路794號及桃園縣龜山鄉萬壽路1段50巷2號,121.418,25.029343,,,https://reurl.cc/OXoZer,02-82006600,,,
0131060029,,衛生福利部臺北醫院,新北市,新莊區,新北市新莊區思源路127號、新北巿新莊區長春街6號2樓、3樓,121.459622,25.04324,,,https://reurl.cc/bzyZ5d,02-22765566,,,
0132010014,,衛生福利部桃園醫院,桃園市,桃園區,桃園市桃園區中山路1492號,121.268092,24.977705,,,https://reurl.cc/7yqroQ,03-3699721,,,
0132110519,,衛生福利部桃園醫院新屋分院,桃園市,新屋區,桃園市新屋區新屋村14鄰新福二路6號,121.107189,24.969856,,,https://bit.ly/3mJGgRf,03-4971989,,,
0135010016,,衛生福利部苗栗醫院,苗栗縣,苗栗市,苗栗縣苗栗市為公路747號,120.840405,24.575655,,,https://reg2.mil.mohw.gov.tw/OINetReg/OINetReg.Reg/Reg_RegTable.aspx?HID=F&Way=Dept&DivDr=CO02&Date=&Noon=,037-261920,,,
0136010010,,衛生福利部豐原醫院,臺中市,豐原區,臺中市豐原區安康路100號,120.725292,24.242706,,,https://web1.fyh.mohw.gov.tw/oinetregweb/OINetReg.Reg/Reg_RegTable.aspx?HID=F&Way=Dept&DivDr=0119&Date=&Noon=,04-25271180,,,
0137170515,,衛生福利部彰化醫院,彰化縣,埔心鄉,彰化縣埔心鄉舊館村中正路二段80號,120.527299,23.950225,,,https://reg.chhw.mohw.gov.tw/OINetReg/OINetReg.Reg/Reg_RegTable.aspx?HID=C&Way=Dept&DivDr=0111&Date=&Noon=,04-8298686,,,
0138010027,,衛生福利部南投醫院,南投縣,南投市,南投縣南投市康壽里復興路478號,120.685294,23.914093,,,https://netreg01.nant.mohw.gov.tw/OINetReg/OINetReg.Reg/Reg_RegTable.aspx?HID=F&Way=Dept&DivDr=0219&Date=&Noon=,049-2231150,,,
0140010028,,衛生福利部朴子醫院,嘉義縣,朴子市,嘉義縣朴子市永和里42－50號,120.234634,23.464433,,,https://netreg.puzih.mohw.gov.tw/OINetReg/OINetReg.Reg/Reg_RegTable.aspx?HID=F&Way=Dept&DivDr=0208&Date=&Noon=,05-3790600,,,
0145010019,,衛生福利部花蓮醫院,花蓮縣,花蓮市,花蓮縣花蓮市中正路600號,121.61118,23.979479,,,https://webreg.hwln.mohw.gov.tw/OINetReg/OINetReg.Reg/Reg_RegTable.aspx?HID=F&Way=Dept&DivDr=01CO&Date=&Noon ,03-8358141,,,
0145030020,,衛生福利部玉里醫院,花蓮縣,玉里鎮,花蓮縣玉里鎮中華路448號,121.320848,23.34749,,,https://reg.ttyl.mohw.gov.tw/OINetReg/OINetReg.Reg/Reg_RegTable.aspx?HID=F&Way=Dept&DivDr=CD19&Date=&Noon=,03-8886141,,,
0145080011,,衛生福利部花蓮醫院豐濱原住民分院,花蓮縣,豐濱鄉,花蓮縣豐濱鄉豐濱村光豐路41號,121.521306,23.601975,,,,03-8358141,,,
0146020537,,衛生福利部臺東醫院成功分院,臺東縣,成功鎮,臺東縣成功鎮中山東路32號,121.377829,23.099295,,,,089-324112,,,
0190030516,,衛生福利部金門醫院,金門縣,金湖鎮,金門縣金湖鎮復興路2號、烈嶼鄉上林村后井37號（烈嶼院區）,118.418001,24.440588,,,https://www.kmhp.mohw.gov.tw/,082-332546,,,
0291010010,,連江縣立醫院,連江縣,南竿鄉,連江縣南竿鄉復興村217號,119.949168,26.160844,,,,083-623995,,,
0401180014,,國立台灣大學醫學院附設醫院,臺北市,中正區,臺北市中正區中山南路7、8號；常德街1號,121.518558,25.040776,,,https://reg.ntuh.gov.tw/WebAdministration/VaccineClinicReg.aspx?Hosp=T0&Reg=,02-23123456,,,
0412040012,,國立臺灣大學醫學院附設醫院新竹臺大分院新竹醫院,新竹市,北區,新竹市北區金華里經國路一段442巷25號,120.97992,24.816707,,,https://www.hch.gov.tw/hch/hch_chinese.aspx,03-5326151,,,
0431270012,,國立臺灣大學醫學院附設醫院金山分院,新北市,金山區,新北市金山區五湖里玉爐路7號,121.628344,25.219469,,,,02-24989898,,,
0433050018,,國立臺灣大學醫學院附設醫院新竹臺大分院生醫醫院(竹北院區),新竹縣,竹北市,新竹縣竹北市生醫路一段2號,121.044019,24.805399,,,https://reg.ntuh.gov.tw/WebAdministration/VaccineClinicReg.aspx?Hosp=T7&Reg=V,03-6677600,,,
0434010518,,國立陽明交通大學附設醫院,宜蘭縣,宜蘭市,宜蘭縣宜蘭市校舍路169號、新民路152號,121.75798,24.750052,,,https://www.ymuh.ym.edu.tw/tw/index/message/7604-covid-19%E7%96%AB%E8%8B%97%E6%8E%A5%E7%A8%AE%E6%B5%81%E7%A8%8B%E6%9A%A8%E6%B3%A8%E6%84%8F%E4%BA%8B%E9%A0%85.html,03-9325192,,,
0439010518,,國立臺灣大學附設醫院雲林分院,雲林縣,斗六市,雲林縣斗六市雲林路二段579號,120.525929,23.697662,,,https://web.ylh.gov.tw/covid-19/,05-5323911,,,
0439010527,,國立成功大學醫學院附設醫院斗六分院,雲林縣,斗六市,雲林縣斗六市莊敬路345號,120.545625,23.703133,,,https://d6www.hosp.ncku.edu.tw/WebRegisterSite/MainUI.aspx?Lang=&skv=EzNec8%2bb3ObBGuEQakq0QawPuiWkTewUO9FjEuW3Njo%3d,05-5332121,,,
0501110514,,三軍總醫院附設民眾診療服務處,臺北市,內湖區,臺北市內湖區成功路2段325號,121.591982,25.0718,,,https://www2.ndmctsgh.edu.tw/newwebreg/Register/Doctors?pos=B&DeptCode=11A&DeptGroup=4,02-87923311,,,
0511040010,,三軍總醫院附設基隆民眾診療服務處,基隆市,仁愛區,基隆市中正區正榮街100號，仁愛區孝二路39號2樓,121.762932,25.144665,,,https://wwwv.tsgh.ndmctsgh.edu.tw/unit/50000/16472,02-24633330,,,
0512040014,,國軍新竹地區醫院附設民眾診療服務處,新竹市,北區,新竹市北區武陵路3號,120.961442,24.815974,,,https://813.mnd.gov.tw/,03-5348181,,,
0517050010,,國軍台中總醫院附設民眾診療服務處中清分院,臺中市,北區,臺中市北區忠明路500號,120.672231,24.162282,,,https://803.mnd.gov.tw/816/2021/04/19/covid-19%e7%96%ab%e8%8b%97%e6%8e%a5%e7%a8%ae%e5%85%ac%e5%91%8a/,04-22037320,,,
0532090029,,國軍桃園總醫院附設民眾診療服務處,桃園市,龍潭區,桃園市龍潭區中興里中興路168號,121.234977,24.874464,,,https://registration.aftygh.gov.tw/stepB1.asp?isQuery=1&RoomNo=0224,03-4799595,,,
0536190011,,國軍臺中總醫院附設民眾診療服務處,臺中市,太平區,臺中市太平區中山路2段348號,120.730101,24.150814,,,https://web-reg-server.803.org.tw/stepB3.asp,04-23934191,,,
0544010031,,三軍總醫院澎湖分院附設民眾診療服務處,澎湖縣,馬公市,澎湖縣馬公市前寮里90號,119.583681,23.554615,,,http://netreg.afph.tsgh.ndmctsgh.edu.tw/webreg/calendar_type/5xn1z9fPG5H4JDJEV98dHQ%3D%3D,06-9211116,,,
0545040515,,國軍花蓮總醫院附設民眾診療服務處,花蓮縣,新城鄉,花蓮縣新城鄉嘉里路163號,121.6074,24.024429,,,https://805.mnd.gov.tw/news01/%e5%9c%8b%e8%bb%8d%e8%8a%b1%e8%93%ae%e7%b8%bd%e9%86%ab%e9%99%a2%e9%99%a2%e6%96%b0%e5%86%a0%e7%96%ab%e8%8b%97%e6%b3%a8%e5%b0%84%e5%b0%88%e8%b2%ac%e9%96%80%e8%a8%ba/,03-8263151,,,
0601160016,,臺北榮民總醫院,臺北市,北投區,臺北市北投區石牌路2段201號,121.519166,25.119181,,,https://www6.vghtpe.gov.tw/reg/c19vaccAnn.do,02-28712121,,,
0617060018,,臺中榮民總醫院,臺中市,西屯區,臺中市西屯區臺灣大道4段 1650號,120.604647,24.184298,,,http://regws.vghtc.gov.tw/COVID19VaccReg,04-23592525,,,
0622020017,,臺中榮民總醫院嘉義分院,嘉義市,西區,嘉義市西區劉厝里世賢路2段600號,120.42297,23.467549,,,http://61.60.38.27/COVID19/FormMain.aspx,05-2359630,,,
0632010014,,臺北榮民總醫院桃園分院,桃園市,桃園區,桃園市桃園區成功路三段100號,121.325315,25.003741,,,https://docs.google.com/forms/d/e/1FAIpQLSdDNhDZEz1B_OKjig4X1iq-NPgR2wJuVpB7ROOc326DjC8G0Q/viewform,03-3384889,,,
0633030010,,臺北榮民總醫院新竹分院,新竹縣,竹東鎮,新竹縣竹東鎮中豐路1段81號,121.099575,24.722702,,,http://www.vhct.gov.tw/,03-5962134,,,
0638020014,,臺中榮民總醫院埔里分院,南投縣,埔里鎮,南投縣埔里鎮蜈蚣里榮光路1號,120.99681,23.975802,,,http://covid-19.pulivh.gov.tw/OutSite/COVID19/COVID19Res.aspx,049-2990833,,,
0640140012,,臺中榮民總醫院灣橋分院,嘉義縣,竹崎鄉,嘉義縣竹崎鄉灣橋村石麻園38號,120.506379,23.48778,,,http://61.60.38.27/COVID19_WC/FormMain.aspx?WebMenuID=58f47136-25ae-47c0-856b-9e8f1ee1c429,05-2791072,,,
0645020015,,臺北榮民總醫院鳳林分院,花蓮縣,鳳林鎮,花蓮縣鳳林鎮鳳信里中正路1段2號,121.439215,23.727428,,,https://docs.google.com/forms/d/e/1FAIpQLScLoaWRRw79SVt6X3Q5uBApirQ_E9-33fQfwLbgKLpnRY2u4Q/viewform,03-8764539,,,
0645030011,,臺北榮民總醫院玉里分院,花蓮縣,玉里鎮,花蓮縣玉里鎮泰昌里新興街91號,121.312031,23.339213,,,https://docs.google.com/forms/d/e/1FAIpQLSfp64cRcT5jZfBp0-mIVloem_jOuOSFg41ZCvYlQVbiHlLhrA/viewform,03-8883141,,,
0903150014,,林新醫療社團法人烏日林新醫院,臺中市,烏日區,臺中市烏日區榮和路168號,120.598042,24.109591,,,http://wlshosp.org.tw/%E6%9C%80%E6%96%B0%E6%B6%88%E6%81%AF/covid-19%E7%96%AB%E8%8B%97%E9%A0%90%E7%B4%84%E6%8E%A5%E7%A8%AE%E6%B3%A8%E6%84%8F%E4%BA%8B%E9%A0%85/,04-23388766,,,
0917070029,,林新醫療社團法人林新醫院,臺中市,南屯區,臺中市南屯區惠中路3段36號,120.640201,24.149037,,,http://www.lshosp.com.tw/%E6%9C%80%E6%96%B0%E6%B6%88%E6%81%AF/covid-19%E7%96%AB%E8%8B%97%E9%A0%90%E7%B4%84%E6%8E%A5%E7%A8%AE%E6%B3%A8%E6%84%8F%E4%BA%8B%E9%A0%85/,04-22586688,,,
0932020025,,天成醫療社團法人天晟醫院,桃園市,中壢區,桃園市中壢區延平路155號,121.229069,24.962598,,,https://reurl.cc/R6o069,03-4629292,,,
0933050018,,東元醫療社團法人東元綜合醫院,新竹縣,竹北市,新竹縣竹北市縣政二路69號,121.013955,24.823761,,,https://w3.tyh.com.tw/MainWebRegister.aspx,03-5527000,,,
0935010012,,梓榮醫療社團法人弘大醫院,苗栗縣,苗栗市,苗栗縣苗栗市新東街125號,120.820967,24.551515,,,,037-361188,,,
0935010021,,大千醫療社團法人南勢醫院,苗栗縣,苗栗市,苗栗縣苗栗市南勢里南勢52號,120.78834,24.519791,,,,037-369936,,,
0935020027,,李綜合醫療社團法人苑裡李綜合醫院,苗栗縣,苑裡鎮,苗栗縣苑裡鎮和平路168號、苗栗縣苑裡鎮中華路137號,120.65272,24.44182,,,http://www.leehospital.com.tw/%E7%B6%B2%E8%B7%AF%E6%8E%9B%E8%99%9F/Covid19.asp,037-862387,,,
0936030018,,李綜合醫療社團法人大甲李綜合醫院,臺中市,大甲區,臺中市大甲區八德街2號,120.618073,24.350784,,,http://www.leehospital.com.tw/%E7%B6%B2%E8%B7%AF%E6%8E%9B%E8%99%9F/Covid19.asp,04-26862288,,,
0936060016,,童綜合醫療社團法人童綜合醫院,臺中市,梧棲區,臺中市梧棲區臺灣大道八段699號,120.542506,24.247285,,,https://www.sltung.com.tw/news_d/486/501/1013/0/0/12371,04-26581919,,,
0937010019,,秀傳醫療社團法人秀傳紀念醫院,彰化縣,彰化市,彰化縣彰化市南瑤里中山路1段542號,120.537508,24.064786,,,https://www.scmh.org.tw/RegCal.aspx?Dept=MM&Kind=2,04-7256166,,,
0937030012,,道周醫院,彰化縣,和美鎮,彰化縣和美鎮和光路180號、和善路118號,120.491865,24.110572,,,http://www.farlinhospital.com/images/new/covid-19%E7%96%AB%E8%8B%97%E9%96%8B%E6%89%93.JPG,04-7566995,,,
0937050024,,惠來醫療社團法人宏仁醫院,彰化縣,員林市,彰化縣員林市惠來街89號、91號,120.57029,23.955265,,,https://docs.google.com/forms/d/e/1FAIpQLSfiFJQ8Fw6HFj7Xj5FDdD6ZYIt09b29vdFZnP8OlAaXvso9nw/viewform,04-8375878,,,
0938030016,,佑民醫療社團法人佑民醫院,南投縣,草屯鎮,南投縣草屯鎮太平路一段200號,120.681861,23.960535,,,http://web.yumin.com.tw/OReg/OpoDoctorsVisitListPage?sectcategory=NONE&sectid=1101&sectname=%E6%96%B0%E5%86%A0%E8%82%BA%E7%82%8E%E7%96%AB%E8%8B%97%E6%B3%A8%E5%B0%84%E7%89%B9%E5%88%A5%E9%96%80%E8%A8%BA&showcd=N,049-2358151,,,
1101010012,,長庚醫療財團法人臺北長庚紀念醫院,臺北市,松山區,臺北市松山區敦化北路199號,121.549618,25.055508,,,https://register.cgmh.org.tw/Department/1/10990D,02-27135211,,,
1101010021,,基督復臨安息日會醫療財團法人臺安醫院,臺北市,松山區,臺北市松山區八德路2段424、426號,121.547826,25.047713,,,https://www.tahsda.org.tw/Register/add_sub.php?sub=00E,02-27718151,,,
1101020018,,國泰醫療財團法人國泰綜合醫院,臺北市,大安區,臺北市大安區仁愛路4段280號，266巷6號,121.544223,25.037666,,,https://reg.cgh.org.tw/tw/reg/main.jsp?source=V,02-27082121,,,
1101100011,,臺灣基督長老教會馬偕醫療財團法人馬偕紀念醫院,臺北市,中山區,臺北市中山區中山北路2段92號,121.522558,25.058883,,,https://www.mmh.org.tw/register_divide.php?depid=234,02-25433535,,,
1101150011,,新光醫療財團法人新光吳火獅紀念醫院,臺北市,士林區,臺北市士林區文昌路95號及士商路51號1至7樓53、55號,121.520289,25.09624,,,https://www.skh.org.tw/skh_regis/#/register/step,02-28332211,,,
1101160017,,振興醫療財團法人振興醫院,臺北市,北投區,臺北市北投區振興街45號,121.5224,25.117543,,,https://www2.chgh.org.tw/CovidMain.aspx,02-28264400,,,
1101160026,,醫療財團法人辜公亮基金會和信治癌中心醫院,臺北市,北投區,臺北市北投區立德路125號,121.47201,25.12834,,,https://www.kfsyscc.org/m/archives/11688,02-28970011,,,
1105040016,,台灣基督長老教會新樓醫療財團法人麻豆新樓醫院,臺南市,麻豆區,臺南市麻豆區小埤里苓子林20號,120.233033,23.179874,,,http://class.sinlau.org.tw/mode02.asp?m=202104100907442&t=s&da=2,06-5702228,,,
1105050012,,奇美醫療財團法人佳里奇美醫院,臺南市,佳里區,臺南市佳里區佳興里佳里興606號,120.183662,23.181698,,,http://www.chimei.org.tw/opdschedule/index.aspx?ihosp=14&lang=CH,06-7263333,,,
1111060015,,長庚醫療財團法人基隆長庚紀念醫院,基隆市,安樂區,基隆市安樂區麥金路222號、基隆市麥金路201號,121.722368,25.120882,,,https://register.cgmh.org.tw/Department/2/20990B,02-24313131,,,
1112010519,,台灣基督長老教會馬偕醫療財團法人新竹馬偕紀念醫院,新竹市,東區,新竹市東區光復路二段690號,120.990781,24.800087,,,https://bit.ly/32ey9Ts,03-6119595,,,
1112010528,,國泰醫療財團法人新竹國泰綜合醫院,新竹市,東區,新竹市東區福德里中華路二段678號及678號之1,120.964932,24.798739,,,https://reg.cgh.org.tw/tw/reg/main_01.jsp,03-5278999,,,
1122010012,,戴德森醫療財團法人嘉義基督教醫院,嘉義市,東區,嘉義市東區中庄里忠孝路539號、642號、保健街100號,120.45005,23.4994,,,https://www2.cych.org.tw/WebToNewRegister/opdregister2.aspx,05-2765041,,,
1122010021,,天主教中華聖母修女會醫療財團法人天主教聖馬爾定醫院,嘉義市,東區,嘉義市東區大雅路二段565號,120.4671,23.47568,,,https://flw.stm.org.tw/reg/Home/DrChoose?deptGrouptID=CO&ran=f,05-2756000,,,
1131010011,,醫療財團法人徐元智先生醫藥基金會亞東紀念醫院,新北市,板橋區,新北市板橋區南雅南路2段21號及高爾富路300號,121.452312,24.997312,,,https://reurl.cc/bzg9zM,02-89667000,,,
1131050515,,佛教慈濟醫療財團法人台北慈濟醫院,新北市,新店區,新北市新店區建國路289號,121.535808,24.98578,,,https://reurl.cc/qm39Dp,02-66289779,,,
1131090019,,行天宮醫療志業醫療財團法人恩主公醫院,新北市,三峽區,新北市三峽區復興路399號、中山路198、258號,121.363007,24.938385,,,https://reurl.cc/yn4orD,02-26723456,,,
1131100010,,台灣基督長老教會馬偕醫療財團法人淡水馬偕紀念醫院,新北市,淡水區,新北市淡水區民生路45號、民權路47號B1至10樓,121.460499,25.139534,,,https://reurl.cc/jq2D5n,02-28094661,,,
1131110516,,國泰醫療財團法人汐止國泰綜合醫院,新北市,汐止區,新北市汐止區建成路59巷2號地下4樓至地上12樓,121.661084,25.072872,,,,02-26482121,,,
1131130018,,新北市立土城醫院（委託長庚醫療財團法人興建經營）,新北市,土城區,新北市土城區金城路2段6號,121.44873,24.976437,,,https://is.gd/OJZpi6,02-22630588,,,
1132010024,,沙爾德聖保祿修女會醫療財團法人聖保祿醫院,桃園市,桃園區,桃園市桃園區建新街123號,121.312507,24.982115,,,https://rms.sph.org.tw/RMSTimeTable.aspx?dpt=S1100F,03-3613141,,,
1132070011,,長庚醫療財團法人林口長庚紀念醫院,桃園市,龜山區,桃園市龜山區公西里復興街5號、5之7號、文化一路15號,121.367627,25.06039,,,https://register.cgmh.org.tw/Department/3/30990D,03-3281200,,,
1133060019,,天主教仁慈醫療財團法人仁慈醫院,新竹縣,湖口鄉,新竹縣湖口鄉孝勢村忠孝路29號,121.045458,24.900558,,,https://bit.ly/3a6FicQ,03-5993500,,,
1134010022,,宜蘭仁愛醫療財團法人宜蘭仁愛醫院,宜蘭縣,宜蘭市,宜蘭縣宜蘭市中山路2段260號,121.754437,24.74874,,,http://www.jen-ai.org.tw/booking/Covid19Reg/Covid19Reg.aspx,03-9321888,,,
1134020019,,醫療財團法人羅許基金會羅東博愛醫院,宜蘭縣,羅東鎮,宜蘭縣羅東鎮南昌街81、83號及站前南路61、63號,121.77041,24.672367,,,https://www.pohai.org.tw/register_detail.php?deptSysCode=A05&deptCode=A0501&deptChName=%E5%9A%B4%E9%87%8D%E7%89%B9%E6%AE%8A%E5%82%B3%E6%9F%93%E6%80%A7%E8%82%BA%E7%82%8E%E7%96%AB%E8%8B%97%E6%8E%A5%E7%A8%AE,03-9543131,,,
1134020028,,天主教靈醫會醫療財團法人羅東聖母醫院,宜蘭縣,羅東鎮,宜蘭縣羅東鎮中正南路160號,121.770714,24.671434,,,http://netreg.smh.org.tw/OINetReg/OINetReg.Reg/Reg_RegTable.aspx?HID=F&Way=Dept&DivDr=FJ&Date=&Noon=,03-9544106,,,
1135050020,,為恭醫療財團法人為恭紀念醫院,苗栗縣,頭份市,351苗栗縣頭份市信義路128號,120.9083424215997,24.68774021135408,,,https://app2.weigong.org.tw/WebReg/ym/reg/DoctorList.jsp,037-676811,,,
1136090519,,佛教慈濟醫療財團法人台中慈濟醫院,臺中市,潭子區,臺中市潭子區豐興路1段66、88號,120.722927,24.203641,,,https://taichung.tzuchi.com.tw/news/9/1981,04-36060666,,,
1136200015,,仁愛醫療財團法人大里仁愛醫院,臺中市,大里區,臺中市大里區東榮路483號,120.680434,24.109261,,,https://www.jah.org.tw/news/index-1.asp?m=9&m1=7&m2=69&id=2771,04-24819900,,,
1137010024,,彰化基督教醫療財團法人彰化基督教醫院,彰化縣,彰化市,彰化縣彰化市南校街135號、中華路176號、旭光路235、320號,120.544461,24.07149,,,https://www.cch.org.tw/news_page.aspx?Id=144#,04-7238595,,,
1137010051,,彰化基督教醫療財團法人漢銘基督教醫院,彰化縣,彰化市,彰化縣彰化市中山路一段366號,120.535784,24.061299,,,https://hm.cch.org.tw/news_detial.aspx?cID=1&Key=116,04-7113456,,,
1137020511,,秀傳醫療財團法人彰濱秀傳紀念醫院,彰化縣,鹿港鎮,彰化縣鹿港鎮鹿工路6號、6－2號,120.41112,24.078274,,,https://www.cbshow.org.tw/changbin/RegCal.aspx?Dept=MM&Kind=2,04-7813888,,,
1137020520,,彰化基督教醫療財團法人鹿港基督教醫院,彰化縣,鹿港鎮,彰化縣鹿港鎮中正路480號、永安二路37號、安福街45號,120.438211,24.060379,,,http://www.rc.cch.org.tw/news_detial.aspx?cID=1&Key=2432,04-7779595,,,
1137050019,,彰化基督教醫療財團法人員林基督教醫院,彰化縣,員林市,彰化縣員林市莒光路456號,120.566953,23.96275,,,https://bc.cch.org.tw/news_detial.aspx?cID=1&Key=426,04-8381456,,,
1137080017,,彰化基督教醫療財團法人二林基督教醫院,彰化縣,二林鎮,彰化縣二林鎮南光里大成路一段558號、安和街40巷28號2樓,120.37111,23.898484,,,https://erhlin.cch.org.tw/news_detial.aspx?cID=1&Key=128,04-8952031,,,
1138010019,,彰化基督教醫療財團法人南投基督教醫院,南投縣,南投市,南投縣南投市中興路870號,120.683868,23.898831,,,https://ny.cch.org.tw/nyrg/opd/service-e.aspx?id=7700&Page=11&#p,049-2225595,,,
1138020015,,埔基醫療財團法人埔里基督教醫院,南投縣,埔里鎮,南投縣埔里鎮愛蘭里鐵山路1號,120.946799,23.970928,,,http://web2.pch.org.tw/Booking/Covid19Reg/Covid19Reg.aspx,049-2912151,,,
1139030015,,天主教若瑟醫療財團法人若瑟醫院,雲林縣,虎尾鎮,雲林縣虎尾鎮新生路74號,120.437886,23.708214,,,http://www.stjoho.org.tw/www2012/news.aspx?newsno=20067,05-6337333,,,
1139040011,,彰化基督教醫療財團法人雲林基督教醫院,雲林縣,西螺鎮,雲林縣西螺鎮新豐里市場南路371、375號,120.441292,23.780235,,,https://web2yl.cch.org.tw/TIrg/opd/service-e.aspx?id=7800&Page=11&#p,05-5871111,,,
1139130010,,長庚醫療財團法人雲林長庚紀念醫院,雲林縣,麥寮鄉,雲林縣麥寮鄉中興村工業路1500號,120.218341,23.795183,,,https://register.cgmh.org.tw/Department/M/M0990D,05-6915151,,,
1140010510,,長庚醫療財團法人嘉義長庚紀念醫院,嘉義縣,朴子市,嘉義縣朴子市仁和里長庚一路6號及嘉朴路西段8號,120.284043,23.464805,,,https://register.cgmh.org.tw/Department/6/60990D,05-3621000,,,
1140030012,,佛教慈濟醫療財團法人大林慈濟醫院,嘉義縣,大林鎮,嘉義縣大林鎮平林里民生路2號,120.457449,23.596312,,,http://dl99.tzuchi-healthcare.org.tw/tchw/covidvac/,05-2648000,,,
1141090512,,奇美醫療財團法人柳營奇美醫院,臺南市,柳營區,臺南市柳營區太康里201號,120.324704,23.289269,,,http://www.chimei.org.tw/opdschedule/index.aspx?ihosp=13&lang=CH,06-6226999,,,
1145010010,,佛教慈濟醫療財團法人花蓮慈濟醫院,花蓮縣,花蓮市,花蓮縣花蓮市中央路3段707號,121.592282,23.995729,,,https://hlm.tzuchi.com.tw/index.php/guide/covid19,03-8561825,,,
1145010038,,臺灣基督教門諾會醫療財團法人門諾醫院,花蓮縣,花蓮市,花蓮縣花蓮市民權路44號,121.626626,23.988257,,,https://reg.mch.org.tw/Register/ShowPhySchedule?Area=M&SubjectClassId=&SubjectId=9007&phyId=,03-8241234,,,
1145030012,,佛教慈濟醫療財團法人玉里慈濟醫院,花蓮縣,玉里鎮,花蓮縣玉里鎮民權街1－1號,121.318526,23.334662,,,https://app.tzuchi.com.tw/tchw/opdreg/OpdTimeShow.aspx?depart=COVID19%e7%96%ab%e8%8b%97%e9%a0%90%e7%b4%84&HospLoc=5,03-8882718,,,
1145060029,,臺灣基督教門諾會醫療財團法人門諾醫院壽豐分院,花蓮縣,壽豐鄉,花蓮縣壽豐鄉共和村魚池52號,121.524929,23.870004,,,https://reg.mch.org.tw/Register/ShowPhySchedule?Area=S&SubjectClassId=&SubjectId=9007&phyId=,03-8664600,,,
1146030516,,佛教慈濟醫療財團法人關山慈濟醫院,臺東縣,關山鎮,臺東縣關山鎮和平路125－5號,121.166679,23.05722,,,https://app.tzuchi.com.tw/tchw/OpdReg/OpdTimeShow.aspx?depart=%e5%85%a7%e7%a7%91&HospLoc=6,089-814880,,,
1231030015,,天主教耕莘醫療財團法人永和耕莘醫院,新北市,永和區,新北市永和區中興街80號Ｂ1-7樓、國光路123號Ｂ3-11樓,121.51787,25.011873,,,,02-29286060,,,
1231050017,,天主教耕莘醫療財團法人耕莘醫院,新北市,新店區,新北市新店區中正路362號、車子路15號,121.535619,24.976084,,,,02-22193391,,,
1301170017,,臺北醫學大學附設醫院,臺北市,信義區,臺北市信義區吳興街252號、250號,121.563638,25.026637,,,https://www.tmuh.org.tw/special/covid19#,02-27372181,,,
1301200010,,臺北市立萬芳醫院-委託財團法人台北醫學大學辦理,臺北市,文山區,臺北市文山區興隆路3段111號,121.55833,25.000305,,,https://www.wanfang.gov.tw/p3_register_e3.aspx?deptcode=B054&depttype=A&deptdesc=%E5%85%AC%E8%B2%BBCOVID-19%E7%96%AB%E8%8B%97%E9%96%80%E8%A8%BA&depttype2=A,02-29307930,,,
1303180011,,亞洲大學附屬醫院,臺中市,霧峰區,臺中市霧峰區福新路222號,120.68617,24.053561,,,https://www.auh.org.tw/NewsInfo/NewsArticle?no=1298,04-37061668,,,
1305370013,,臺南市立安南醫院-委託中國醫藥大學興建經營,臺南市,安南區,臺南市安南區長和路二段66號,120.223192,23.064232,,,http://www.tmanh.org.tw/Service/OnlineAppointment,06-3553111,,,
1317040011,,中山醫學大學附設醫院,臺中市,南區,臺中市南區建國北路一段110號,120.6499,24.121753,,,http://sysint.csh.org.tw/CSHVaccine/CSHEmployeeVaccine.aspx,04-24739595,,,
1317050017,,中國醫藥大學附設醫院,臺中市,北區,臺中市北區育德路2號,120.680532,24.15773,,,https://www.cmuh.cmu.edu.tw/NewsInfo/NewsArticle?no=7216,04-22062121,,,
1331040513,,衛生福利部雙和醫院(委託臺北醫學大學興建經營),新北市,中和區,新北市中和區中正路291號,121.494082,24.993746,,,https://reurl.cc/V3qGpn,02-22490088,,,
1331160010,,輔仁大學學校財團法人輔仁大學附設醫院,新北市,泰山區,新北市泰山區貴子路69號（地下4層、地上1至9層及13層）,121.430798,25.039676,,,,02-85128888,,,
1333050017,,中國醫藥大學新竹附設醫院,新竹縣,竹北市,新竹縣竹北市興隆路一段199號,121.001988,24.824037,,,https://bit.ly/3dh16Et,03-5580558,,,
1339060017,,中國醫藥大學北港附設醫院,雲林縣,北港鎮,雲林縣北港鎮新街里新德路123號,120.30782,23.591763,,,http://www.bh.cmu.edu.tw/cgi-bin/bh/reg51.cgi?DocNo=D9999&sstus=3,05-7837901,,,
1435010013,,財團法人台灣省私立桃園仁愛之家附設苗栗新生醫院,苗栗縣,苗栗市,苗栗縣苗栗市維新里新東街117號,120.82067,24.551561,,,,037-320988,,,
1512011185,,南門綜合醫院,新竹市,東區,新竹市東區林森路20號,120.969682,24.802219,,,http://reg.nanmen.com.tw:8080/NanWeb/index.html,03-5261122,,,
1517011112,,澄清綜合醫院,臺中市,中區,臺中市中區平等街139號,120.68161,24.142603,,,http://www.ccgh.com.tw/PT2/html/webdetail.aspx?pagetype=2&otherkind=1&pageno=1&page=1,04-24632000,,,
1517061032,,澄清綜合醫院中港分院,臺中市,西屯區,臺中市西屯區臺灣大道4段966號,120.617033,24.182853,,,http://www.ccgh.com.tw/html/webdetail.aspx?pagetype=2&otherkind=1&pageno=1&page=2,04-24632000,,,
1531060180,,新泰綜合醫院,新北市,新莊區,新北市新莊區新樹路176號,121.434313,25.021564,,,,02-29962121,,,
1531071030,,仁愛醫院,新北市,樹林區,新北市樹林區文化街9號,121.420039,24.987188,,,https://reurl.cc/Q7orD9,02-26834567,,,
1531120038,,瑞芳礦工醫院,新北市,瑞芳區,新北市瑞芳區一坑路71之2號,121.80217,25.108602,,,,02-24974101,,,
1532011154,,敏盛綜合醫院,桃園市,桃園區,桃園市桃園區經國路168號、三民路三段106號,121.306837,25.014855,,,https://reurl.cc/L0ob07,03-3179599,,,
1532040039,,天成醫院,桃園市,楊梅區,桃園市楊梅區新成路196號、中山北路一段356號,121.147287,24.907634,,,https://bit.ly/2RwTIMQ,03-4782350,,,
1532040066,,怡仁綜合醫院,桃園市,楊梅區,桃園市楊梅區楊新北路321巷30號,121.155427,24.916951,,,http://www.yeezen.com.tw/default.aspx#,03-4855566,,,
1532100049,,聯新國際醫院,桃園市,平鎮區,桃園市平鎮區廣泰路77號、延平路二段430巷115號,121.205369,24.942015,,,https://ssl.landseed.com.tw/lishin/reg/reg.php,03-4941234,,,
1535010024,,協和醫院,苗栗縣,苗栗市,苗栗縣苗栗市中正路1367號,120.817299,24.541274,,,,037-352631,,,
1535010051,,大千綜合醫院,苗栗縣,苗栗市,苗栗市大同路133號、信義路23號、恭敬路36號、信義街36號,120.815489,24.551742,,,http://60.249.72.244//reg/WebRegISAPI.dll/$/start,037-357125,,,
1535031041,,通霄光田醫院,苗栗縣,通霄鎮,苗栗縣通霄鎮中山路88號,120.678377,24.489,,,http://www.ts.ktgh.com.tw/,037-759999,,,
1535051178,,重光醫院,苗栗縣,頭份市,苗栗縣頭份市中華路1037、1039、1041、1043號,120.908106,24.686478,,,,037-663030,,,
1535081078,,大順醫院,苗栗縣,大湖鄉,苗栗縣大湖鄉中正路48之5號,120.867564,24.422401,,,https://reurl.cc/V3rvzY,037-997666,,,
1537040066,,卓醫院,彰化縣,北斗鎮,彰化縣北斗鎮西安里中山路一段311號,120.51554,23.872278,,,https://docs.google.com/forms/d/e/1FAIpQLSdpYfIuWqdcQ295WbggrKmRa9fZUlBUNQmZEvt6pwV9yqYmXg/viewform,04-8882995,,,
1537051292,,員生醫院,彰化縣,員林市,彰化縣員林市莒光路359號,120.566404,23.95925,,,https://www.ysh.org.tw/,04-8383995,,,
1538041101,,竹山秀傳醫院,南投縣,竹山鎮,南投縣竹山鎮山崇里集山路2段75號,120.714117,23.800149,,,http://www.csshow.org.tw/covid19res/,049-2624266,,,
2101010013,,臺北市立聯合醫院松山門診部,臺北市,松山區,臺北市松山區八德路4段694號1、2樓,121.577305,25.049669,,,https://webreg.tpech.gov.tw/RegOnline1_2.aspx?ZCode=A&DeptCode=0100&deptname=COVID-19%e7%96%ab%e8%8b%97%e7%89%b9%e5%88%a5%e9%96%80%e8%a8%ba,02-27653147,,,
2101020019,,臺北市立聯合醫院大安門診部,臺北市,大安區,臺北市大安區辛亥路3段15號,121.544299,25.021574,,,https://webreg.tpech.gov.tw/RegOnline1_2.aspx?ZCode=4&DeptCode=0100&deptname=COVID-19%e7%96%ab%e8%8b%97%e7%89%b9%e5%88%a5%e9%96%80%e8%a8%ba,02-27390997,,,
2101090011,,臺北市立聯合醫院大同門診部,臺北市,大同區,臺北市大同區昌吉街52號1至2樓,121.516341,25.065815,,,https://webreg.tpech.gov.tw/RegOnline1_2.aspx?ZCode=V&DeptCode=0100&deptname=COVID-19%e7%96%ab%e8%8b%97%e7%89%b9%e5%88%a5%e9%96%80%e8%a8%ba,02-25948971,,,
2101100227,,臺北市立聯合醫院中山門診部,臺北市,中山區,臺北市中山區松江路367號1樓,121.533501,25.064395,,,https://webreg.tpech.gov.tw/RegOnline1_2.aspx?ZCode=P&DeptCode=0100&deptname=COVID-19%e7%96%ab%e8%8b%97%e7%89%b9%e5%88%a5%e9%96%80%e8%a8%ba,02-25013363,,,
2101110027,,臺北市立聯合醫院內湖門診部,臺北市,內湖區,臺北市內湖區民權東路6段99號,121.588922,25.069226,,,https://webreg.tpech.gov.tw/RegOnline1_2.aspx?ZCode=N&DeptCode=0100&deptname=COVID-19%e7%96%ab%e8%8b%97%e7%89%b9%e5%88%a5%e9%96%80%e8%a8%ba,02-27908387,,,
2101120014,,臺北市立聯合醫院南港門診部,臺北市,南港區,臺北市南港區南港路1段360號1樓,121.606758,25.054528,,,https://webreg.tpech.gov.tw/RegOnline1_2.aspx?ZCode=R&DeptCode=0100&deptname=COVID-19%e7%96%ab%e8%8b%97%e7%89%b9%e5%88%a5%e9%96%80%e8%a8%ba,02-27868756,,,
2101150012,,臺北市立聯合醫院士林門診部,臺北市,士林區,臺北市士林區中正路439號1樓,121.519698,25.092845,,,https://webreg.tpech.gov.tw/RegOnline1_2.aspx?ZCode=L&DeptCode=0100&deptname=COVID-19%e7%96%ab%e8%8b%97%e7%89%b9%e5%88%a5%e9%96%80%e8%a8%ba,02-28836268,,,
2101161033,,臺北市立聯合醫院北投門診部,臺北市,北投區,臺北市北投區新市街30號5樓,121.502735,25.132673,,,https://webreg.tpech.gov.tw/RegOnline1_2.aspx?ZCode=T&DeptCode=0100&deptname=COVID-19%e7%96%ab%e8%8b%97%e7%89%b9%e5%88%a5%e9%96%80%e8%a8%ba,02-28912670,,,
2101170050,,臺北市立聯合醫院信義門診部,臺北市,信義區,臺北市信義區信義路5段15號,121.566897,25.033147,,,https://webreg.tpech.gov.tw/RegOnline1_2.aspx?ZCode=E&DeptCode=0100&deptname=COVID-19%e7%96%ab%e8%8b%97%e7%89%b9%e5%88%a5%e9%96%80%e8%a8%ba,02-87804152,,,
2101180038,,臺北市立聯合醫院中正門診部,臺北市,中正區,臺北市中正區牯嶺街24號,121.515952,25.030494,,,https://webreg.tpech.gov.tw/RegOnline1_2.aspx?ZCode=5&DeptCode=0100&deptname=COVID-19%e7%96%ab%e8%8b%97%e7%89%b9%e5%88%a5%e9%96%80%e8%a8%ba,02-23210168,,,
2101191068,,臺北市立聯合醫院萬華門診部,臺北市,萬華區,臺北市萬華區東園街152號,121.497613,25.023175,,,https://webreg.tpech.gov.tw/RegOnline1_2.aspx?ZCode=U&DeptCode=0100&deptname=COVID-19%e7%96%ab%e8%8b%97%e7%89%b9%e5%88%a5%e9%96%80%e8%a8%ba,02-23395384,,,
2101200017,,臺北市立聯合醫院政大門診部,臺北市,文山區,臺北市文山區指南路2段117號,121.576522,24.98762,,,https://webreg.tpech.gov.tw/RegOnline1_2.aspx?ZCode=D&DeptCode=0100&deptname=COVID-19%e7%96%ab%e8%8b%97%e7%89%b9%e5%88%a5%e9%96%80%e8%a8%ba,02-82377441,,,
2312010014,,新竹市東區衛生所,新竹市,東區,新竹市東區民族路40之2號,120.973654,24.80544,,,https://e-health.hcchb.gov.tw/ch/index.jsp,03-5236158,,,
2312041028,,新竹市北區衛生所,新竹市,北區,新竹市北區國華街六十九號一樓,120.970299,24.816368,,,https://dep-n-health.hccg.gov.tw/ch/index.jsp,03-5353969,,,
2312050018,,新竹市香山衛生所,新竹市,香山區,新竹市香山區牛埔里育德街188號2樓,120.942578,24.794419,,,https://s-health.hcchb.gov.tw/ch/index.jsp,03-5388109,,,
2317050018,,臺中市北區衛生所,臺中市,北區,臺中市北區永興街301號4樓,120.682233,24.166042,,,https://www.health.taichung.gov.tw/1781358/post,04-22359182,,,
2322010017,,嘉義市東區衛生所,嘉義市,東區,嘉義市東區大雅路二段625號,120.46629,23.476849,,,,05-2750423,,,
2322020013,,嘉義市西區衛生所,嘉義市,西區,嘉義市西區德明路1號,120.43119,23.479949,,,,05-2337355,,,
2331010016,,新北市板橋區衛生所,新北市,板橋區,新北市板橋區英士路192號,121.458327,25.023316,,,,02-22586606,,,
2331020012,,新北市三重區衛生所,新北市,三重區,新北市三重區新北大道1段1號,121.491392,25.061191,,,,02-29848320,,,
2331030018,,新北市永和區衛生所,新北市,永和區,新北市永和區秀朗路1段137號1、2、3樓,121.516232,25.004971,,,,02-32332780,,,
2331040014,,新北市中和區衛生所,新北市,中和區,新北市中和區南山路4巷3號,121.501638,24.998691,,,,02-22491936,,,
2331050010,,新北市新店區衛生所,新北市,新店區,新北市新店區北新路1段88巷11號,121.543015,24.967275,,,,02-29113984,,,
2331060016,,新北市新莊區衛生所,新北市,新莊區,新北市新莊區中華路1段2號1至4樓,121.452248,25.036408,,,,02-29967123,,,
2331070012,,新北市樹林區衛生所,新北市,樹林區,新北市樹林區樹新路40－7號1、2樓,121.428524,24.99614,,,,02-26812134,,,
2331080018,,新北市鶯歌區衛生所,新北市,鶯歌區,新北市鶯歌區文化路389號,121.352461,24.950565,,,,02-26702304,,,
2331090014,,新北市三峽區衛生所,新北市,三峽區,新北市三峽區光明路71號3樓,121.376129,24.928297,,,,02-26711592,,,
2331100015,,新北市淡水區衛生所,新北市,淡水區,新北市淡水區中山路158號,121.440844,25.172778,,,,02-26215620,,,
2331110011,,新北市汐止區衛生所,新北市,汐止區,新北市汐止區新台五路1段266號地下1樓．地上1至4樓,121.658534,25.063513,,,,02-26412030,,,
2331120017,,新北市瑞芳區衛生所,新北市,瑞芳區,新北市瑞芳區明燈路3段1號,121.809044,25.107371,,,,02-24972132,,,
2331130013,,新北市土城區衛生所,新北市,土城區,新北市土城區和平路26號1、2樓,121.443189,24.972857,,,,02-22603181,,,
2331140019,,新北市蘆洲區衛生所,新北市,蘆洲區,新北市蘆洲區中央路58號,121.473284,25.083963,,,,02-22812011,,,
2331150015,,新北市五股區衛生所,新北市,五股區,新北市五股區新城三路11號1樓、2樓及3樓,121.447639,25.094237,,,,02-22917717,,,
2331160011,,新北市泰山區衛生所,新北市,泰山區,新北市泰山區全興路212號3樓,121.433653,25.056131,,,,02-22962858,,,
2331170017,,新北市林口區衛生所,新北市,林口區,新北市林口區忠孝二路55號,121.364058,25.069842,,,,02-26068760,,,
2331180013,,新北市深坑區衛生所,新北市,深坑區,新北市深坑區深坑街165號1－3樓,121.612643,25.000938,,,,02-26621567,,,
2331190019,,新北市石碇區衛生所,新北市,石碇區,新北市石碇區潭邊里碇坪路1段82號,121.65761,24.991349,,,,02-26631325,,,
2331200010,,新北市坪林區衛生所,新北市,坪林區,新北市坪林區坪林街104號,121.711626,24.935877,,,,02-26656272,,,
2331210016,,新北市三芝區衛生所,新北市,三芝區,新北市三芝區中山路1段12號,121.500753,25.258407,,,,02-26362007,,,
2331220012,,新北市石門區衛生所,新北市,石門區,新北市石門區中山路28－1號,121.565974,25.290164,,,,02-26381007,,,
2331230018,,新北市八里區衛生所,新北市,八里區,新北市八里區舊城路16號,121.40006,25.147095,,,,02-26102137,,,
2331240014,,新北市平溪區衛生所,新北市,平溪區,新北市平溪區公園街17號1樓,121.737185,25.024681,,,,02-24951015,,,
2331250010,,新北市雙溪區衛生所,新北市,雙溪區,新北市雙溪區新基南路18號,121.86645,25.037917,,,,02-24931211,,,
2331260016,,新北市貢寮區衛生所,新北市,貢寮區,新北市貢寮區朝陽街70巷10號、新北市貢寮區仁愛路128號,121.909462,25.022576,,,,02-24901431,,,
2331270012,,新北市金山區衛生所,新北市,金山區,新北市金山區中山路257號4樓,121.636872,25.222094,,,,02-24984807,,,
2331280018,,新北市萬里區衛生所,新北市,萬里區,新北市萬里區瑪鍊路157號1－3樓及地下1樓,121.689713,25.178332,,,,02-24921117,,,
2331290014,,新北市烏來區衛生所,新北市,烏來區,新北市烏來區新烏路5段109號,121.547977,24.871966,,,,02-26617200,,,
2332010010,,桃園市桃園區衛生所,桃園市,桃園區,桃園市桃園區國豐三街123號4樓,121.278678,24.990212,,,https://forms.gle/thP5K2hordjWtbEKA,03-3791888,,,
2332020016,,桃園市中壢區衛生所,桃園市,中壢區,桃園市中壢區溪洲街296號1、2樓,121.230012,24.962288,,,https://forms.gle/EG49Gp511xEFBWf36,03-4352666,,,
2332030012,,桃園市大溪區衛生所,桃園市,大溪區,桃園市大溪區仁愛路1號,121.285478,24.884488,,,https://forms.gle/fz3PQw5uGyximxnZ9,03-3882401,,,
2332040018,,桃園市楊梅區衛生所,桃園市,楊梅區,桃園市楊梅區校前路409號,121.149676,24.896985,,,https://forms.gle/vkiKus9qcLZcR1db6,03-4750151,,,
2332050014,,桃園市蘆竹區衛生所,桃園市,蘆竹區,桃園市蘆竹區長安路二段238號,121.280466,25.063065,,,https://forms.gle/LHoJtZ3JaAb8iCzaA,03-3524732,,,
2332060010,,桃園市大園區衛生所,桃園市,大園區,桃園市大園區田心里中正西路19號,121.195483,25.063355,,,https://forms.gle/owyw8DQ1zXVfCw9ZA,03-3862024,,,
2332070016,,桃園市龜山區衛生所,桃園市,龜山區,桃園市龜山區自強南路103號,121.338466,24.991496,,,https://forms.gle/dHZ8RMJhppyVXD4T6,03-3299645,,,
2332080012,,桃園市八德區衛生所,桃園市,八德區,桃園市八德區大華里介壽路二段361巷28號,121.2963734,24.9475226,,,https://forms.gle/5q1WJAhmmx67TQKL7,03-3662781,,,
2332090018,,桃園市龍潭區衛生所,桃園市,龍潭區,桃園市龍潭區中正路210號1至2樓,121.21653,24.864041,,,https://forms.gle/SvSaDcjsrpz2Y9sw5,03-4792033,,,
2332100019,,桃園市平鎮區衛生所,桃園市,平鎮區,桃園市平鎮區新富里1鄰振興路1號,121.217776,24.945929,,,https://forms.gle/wYeBbWwUfenRzu3p7,03-4576624,,,
2332110015,,桃園市新屋區衛生所,桃園市,新屋區,桃園市新屋區新屋里中山路239號,121.106762,24.972591,,,https://forms.gle/kXDZ9b2ZtKsWmiWR8,03-4772018,,,
2332120011,,桃園市觀音區衛生所,桃園市,觀音區,桃園市觀音區觀新路58號,121.083751,25.027823,,,https://forms.gle/aa5n1W1vDSXCGQsw8,03-4732031,,,
2332130017,,桃園市復興區衛生所,桃園市,復興區,桃園市復興區澤仁里中正路25號,121.350982,24.815071,,,https://forms.gle/bPYew3Uf6mwx2TRr6,03-3822325,,,
2333010014,,新竹縣關西鎮衛生所,新竹縣,關西鎮,新竹縣關西鎮中山路207號,121.172583,24.791684,,,https://guanxi.hcshb.gov.tw/Default.aspx,03-5872454,,,
2333020010,,新竹縣新埔鎮衛生所,新竹縣,新埔鎮,新竹縣新埔鎮新民里中正路758號,121.071691,24.827916,,,https://xinpu.hcshb.gov.tw/,03-5882017,,,
2333030016,,新竹縣竹東鎮衛生所,新竹縣,竹東鎮,新竹縣竹東鎮中正路221號,121.092862,24.735987,,,https://zhudong.hcshb.gov.tw/,03-5943566,,,
2333050018,,新竹縣竹北市衛生所,新竹縣,竹北市,新竹縣竹北市光明二街89號,121.006755,24.832166,,,https://zhubei.hcshb.gov.tw/News_Content.aspx?n=119&sms=9119&s=85705,03-5533381,,,
2333060014,,新竹縣湖口鄉衛生所,新竹縣,湖口鄉,新竹縣湖口鄉中勢村中興街36號,121.048828,24.902334,,,https://hukou.hcshb.gov.tw/,03-5992654,,,
2333070010,,新竹縣橫山鄉衛生所,新竹縣,橫山鄉,新竹縣橫山鄉大肚村3鄰新興街141巷10號,121.13928,24.717562,,,https://hengshan.hcshb.gov.tw/,03-5932004,,,
2333080016,,新竹縣新豐鄉衛生所,新竹縣,新豐鄉,新竹縣新豐鄉重興村萃豐路21號,120.988104,24.899915,,,https://xinfeng.hcshb.gov.tw/,03-5591150,,,
2333090012,,新竹縣芎林鄉衛生所,新竹縣,芎林鄉,新竹縣芎林鄉文山路532號,121.077785,24.777401,,,https://qionglin.hcshb.gov.tw/,03-5924787,,,
2333100013,,新竹縣寶山鄉衛生所,新竹縣,寶山鄉,新竹縣寶山鄉雙溪村7鄰雙園路二段273號,120.994859,24.766908,,,https://baoshan.hcshb.gov.tw/,03-5292106,,,
2333110019,,新竹縣北埔鄉衛生所,新竹縣,北埔鄉,新竹縣北埔鄉北埔街90號,121.055515,24.700552,,,https://beipu.hcshb.gov.tw/,03-5801677,,,
2333120015,,新竹縣峨眉鄉衛生所,新竹縣,峨眉鄉,新竹縣峨眉鄉峨眉村峨眉街2鄰5號,121.021409,24.688417,,,https://emei.hcshb.gov.tw/,03-5800314,,,
2333130011,,新竹縣尖石鄉衛生所,新竹縣,尖石鄉,新竹縣尖石鄉嘉樂村2鄰61號,121.202274,24.70562,,,https://jianshi.hcshb.gov.tw/,03-5842356,,,
2333140017,,新竹縣五峰鄉衛生所,新竹縣,五峰鄉,新竹縣五峰鄉大隘村六鄰99號,121.119384,24.63184,,,https://wufeng.hcshb.gov.tw/,03-5851005,,,
2334010018,,宜蘭縣宜蘭市衛生所,宜蘭縣,宜蘭市,宜蘭縣宜蘭市健康路二段2－2號1樓,121.752319,24.745546,,,,03-9322362,,,
2334020014,,宜蘭縣羅東鎮衛生所,宜蘭縣,羅東鎮,宜蘭縣羅東鎮民生路79號,121.766951,24.677529,,,,03-9542321,,,
2335010012,,苗栗縣苗栗市衛生所,苗栗縣,苗栗市,苗栗縣苗栗市建民街28號,120.824894,24.565957,,,,037-277129,,,
2335020018,,苗栗縣苑裡鎮衛生所,苗栗縣,苑裡鎮,苗栗縣苑裡鎮客庄里公民街16號,120.652734,24.439501,,,,037-869595,,,
2335030014,,苗栗縣通霄鎮衛生所,苗栗縣,通霄鎮,苗栗縣通霄鎮通東里23鄰中正路16－2號1－3樓,120.684209,24.490891,,,,037-752048,,,
2335040010,,苗栗縣竹南鎮衛生所,苗栗縣,竹南鎮,苗栗縣竹南鎮大營路209號,120.872536,24.687723,,,,037-470152,,,
2335050016,,苗栗縣頭份市衛生所,苗栗縣,頭份市,苗栗縣頭份市顯會路72號,120.915685,24.690483,,,,037-663049,,,
2335060012,,苗栗縣後龍鎮衛生所,苗栗縣,後龍鎮,苗栗縣後龍鎮大庄里21鄰光華路375號1樓,120.789516,24.611677,,,,037-722008,,,
2335070018,,苗栗縣卓蘭鎮衛生所,苗栗縣,卓蘭鎮,苗栗縣卓蘭鎮老庄里中正路142號,120.831357,24.312629,,,,04-25892027,,,
2335080014,,苗栗縣大湖鄉衛生所,苗栗縣,大湖鄉,苗栗縣大湖鄉明湖村中原路87號,120.865906,24.424242,,,,037-991034,,,
2335090010,,苗栗縣公館鄉衛生所,苗栗縣,公館鄉,苗栗縣公館鄉館中村大同路75號,120.827678,24.499946,,,,037-224732,,,
2335100011,,苗栗縣銅鑼鄉衛生所,苗栗縣,銅鑼鄉,苗栗縣銅鑼鄉銅鑼村新興路81號,120.792877,24.484798,,,,037-981006,,,
2335110017,,苗栗縣南庄鄉衛生所,苗栗縣,南庄鄉,苗栗縣南庄鄉東村大同路17號,120.999979,24.597334,,,,037-822024,,,
2335120013,,苗栗縣頭屋鄉衛生所,苗栗縣,頭屋鄉,苗栗縣頭屋鄉頭屋村中山街56巷54號,120.849797,24.576535,,,,037-253534,,,
2335130019,,苗栗縣三義鄉衛生所,苗栗縣,三義鄉,苗栗縣三義鄉復興路45號,120.770769,24.413381,,,,037-872014,,,
2335140015,,苗栗縣西湖鄉衛生所,苗栗縣,西湖鄉,苗栗縣西湖鄉龍洞村1鄰16號,120.770751,24.545097,,,,037-921211,,,
2335150011,,苗栗縣造橋鄉衛生所,苗栗縣,造橋鄉,苗栗縣造橋鄉造橋村14鄰8－2號,120.864293,24.636724,,,,037-542755,,,
2335160017,,苗栗縣三灣鄉衛生所,苗栗縣,三灣鄉,苗栗縣三灣鄉三灣村親民路17號,120.956562,24.65284,,,,037-831140,,,
2335170013,,苗栗縣獅潭鄉衛生所,苗栗縣,獅潭鄉,苗栗縣獅潭鄉新店村130之6號,120.920092,24.539199,,,,037-931309,,,
2335180019,,苗栗縣泰安鄉衛生所,苗栗縣,泰安鄉,苗栗縣泰安鄉清安村2鄰72號,120.908287,24.447223,,,,037-941054,,,
2336030018,,臺中市大甲區衛生所,臺中市,大甲區,臺中市大甲區德興路81號,120.624463,24.350189,,,https://www.health.taichung.gov.tw/1781358/post,04-26872153,,,
2336120017,,臺中市石岡區衛生所,臺中市,石岡區,臺中市石岡區石岡街6號,120.777573,24.276012,,,https://www.health.taichung.gov.tw/1781358/post,04-25721887,,,
2336180013,,臺中市霧峰區衛生所,臺中市,霧峰區,臺中市霧峰區本堂里民生路1－9號,120.70074,24.060805,,,https://www.health.taichung.gov.tw/1781358/post,04-23393022,,,
2336190019,,臺中市太平區衛生所,臺中市,太平區,臺中市太平區中山路1段213之1號,120.731611,24.142543,,,https://www.health.taichung.gov.tw/1781358/post,04-23938083,,,
2337010010,,彰化縣彰化市南西北區衛生所,彰化縣,彰化市,彰化縣彰化市華北里旭光路166號,120.546305,24.072918,,,https://swnphc.chshb.gov.tw/newsin.php?c=npncp5bKnqNrl5eYocja,04-7282141,,,
2337010029,,彰化縣彰化市東區衛生所,彰化縣,彰化市,彰化縣彰化市香山里彰南路2段346巷31弄26號,120.586626,24.081845,,,https://djuphc.chshb.gov.tw/newsin.php?c=npncp5bKnqNqlZmYocja,04-7381647,,,
2337020016,,彰化縣鹿港鎮衛生所,彰化縣,鹿港鎮,彰化縣鹿港鎮順興里復興路423號,120.434695,24.0587,,,https://lugphc.chshb.gov.tw/newsin.php?c=npncp5bKnqNrmJSYocja,04-7772309,,,
2337030012,,彰化縣和美鎮衛生所,彰化縣,和美鎮,彰化縣和美鎮和東里彰美路5段319號,120.499373,24.110824,,,https://hemphc.chshb.gov.tw/newsin.php?c=npncp5bKnqNqnJaYocja,04-7062455,,,
2337040018,,彰化縣北斗鎮衛生所,彰化縣,北斗鎮,彰化縣北斗鎮光復里地政路406巷17號,120.524902,23.875143,,,https://bedphc.chshb.gov.tw/newsin.php?c=npncp5bKnqNtmJuYocja,04-8882059,,,
2337050014,,彰化縣員林市衛生所,彰化縣,員林市,彰化縣員林市仁美里博愛路229號,120.57248,23.962088,,,https://yliphc.chshb.gov.tw/newsin.php?c=npncp5bKnqNqmpOYocja,04-7060230,,,
2337060010,,彰化縣溪湖鎮衛生所,彰化縣,溪湖鎮,彰化縣溪湖鎮湖東里青雅路36號,120.483444,23.965957,,,https://shuphc.chshb.gov.tw/newsin.php?c=npncp5bKnqNrm5OYocja#gsc.tab=0,04-8815112,,,
2337070016,,彰化縣田中鎮衛生所,彰化縣,田中鎮,彰化縣田中鎮西路里斗中路一段222號,120.580536,23.861518,,,https://tijphc.chshb.gov.tw/newsin.php?c=npncp5bKnqNsm5WYocja,04-8742053,,,
2337080012,,彰化縣二林鎮衛生所,彰化縣,二林鎮,彰化縣二林鎮中正路1號1樓,120.369515,23.899307,,,https://erlphc.chshb.gov.tw/newsin.php?c=npncp5bKnqNtmJiYocja,04-8960035,,,
2337090018,,彰化縣線西鄉衛生所,彰化縣,線西鄉,彰化縣線西鄉寓埔村和線路957巷2號,120.470434,24.130381,,,https://ssiphc.chshb.gov.tw/newsin.php?c=npncp5bKnqNrlpKYocja,04-7585201,,,
2337100019,,彰化縣伸港鄉衛生所,彰化縣,伸港鄉,彰化縣伸港鄉大同村中興路2段197號,120.485592,24.15926,,,https://sgaphc.chshb.gov.tw/newsin.php?c=npncp5bKnqNsmpKYocja,04-7982034,,,
2337110015,,彰化縣福興鄉衛生所,彰化縣,福興鄉,彰化縣福興鄉福興村福興路51巷2號,120.427893,24.04744,,,https://fusphc.chshb.gov.tw/newsin.php?c=npncp5bKnqNqnJiYocja,04-7772371,,,
2337120020,,彰化縣秀水鄉衛生所,彰化縣,秀水鄉,彰化縣秀水鄉安東村中山路288號,120.503266,24.035339,,,https://sisphc.chshb.gov.tw/newsin.php?c=npncp5bKnqNrlpKYocja,04-7693001,,,
2337130017,,彰化縣花壇鄉衛生所,彰化縣,花壇鄉,彰化縣花壇鄉長沙村中正路11號,120.548686,24.028154,,,https://hutphc.chshb.gov.tw/newsin.php?c=npncp5bKnqNrmJOYocja,04-7862035,,,
2337140013,,彰化縣芬園鄉衛生所,彰化縣,芬園鄉,彰化縣芬園鄉社口村公園1街11號,120.628086,24.012784,,,https://fyuphc.chshb.gov.tw/newsin.php?c=npncp5bKnqNym8GnmNo%3D,049-2522904,,,
2337150019,,彰化縣大村鄉衛生所,彰化縣,大村鄉,彰化縣大村鄉大村村中正西路340號,120.546964,23.993541,,,https://datphc.chshb.gov.tw/newsin.php?c=npncp5bKnqNqm5mYocja,04-8520513,,,
2337160015,,彰化縣埔鹽鄉衛生所,彰化縣,埔鹽鄉,彰化縣埔鹽鄉好修村員鹿路二段58號,120.463258,24.000351,,,https://puyphc.chshb.gov.tw/newsin.php?c=npncp5bKnqNrnpqYocja,04-8653596,,,
2337170011,,彰化縣埔心鄉衛生所,彰化縣,埔心鄉,彰化縣埔心鄉義民村員鹿路2段340號,120.54387,23.952987,,,https://pusphc.chshb.gov.tw/newsin.php?c=npncp5bKnqNsmpOYocja,04-8294611,,,
2337180017,,彰化縣永靖鄉衛生所,彰化縣,永靖鄉,彰化縣永靖鄉永西村西興路91號,120.547668,23.925035,,,https://yugphc.chshb.gov.tw/newsin.php?c=npncp5bKnqNrlpSYocja,04-8221057,,,
2337190013,,彰化縣社頭鄉衛生所,彰化縣,社頭鄉,彰化縣社頭鄉社頭村員集路二段409號,120.586073,23.901914,,,https://stophc.chshb.gov.tw/newsin.php?c=npncp5bKnqNslpiYocja,04-8732038,,,
2337200014,,彰化縣二水鄉衛生所,彰化縣,二水鄉,彰化縣二水鄉二水村過圳路19號,120.615533,23.811813,,,https://ersphc.chshb.gov.tw/newsin.php?c=npncp5bKnqNrmJuYocja,04-8791077,,,
2337210010,,彰化縣田尾鄉衛生所,彰化縣,田尾鄉,彰化縣田尾鄉饒平村光復路2段608號,120.532946,23.88999,,,https://tiwphc.chshb.gov.tw/newsin.php?c=npncp5bKnqNrlpmYocja,04-8832145,,,
2337220016,,彰化縣埤頭鄉衛生所,彰化縣,埤頭鄉,彰化縣埤頭鄉合興村健安街119號,120.457269,23.894898,,,https://btophc.chshb.gov.tw/newsin.php?c=npncp5bKnqNrlpaYocja,04-8922445,,,
2337230012,,彰化縣芳苑鄉衛生所,彰化縣,芳苑鄉,彰化縣芳苑鄉仁愛村斗苑路芳苑段249、251號1樓,120.320443,23.924976,,,https://fayphc.chshb.gov.tw/newsin.php?c=npncp5bKnqNrlpKYocja,04-8983134,,,
2337240018,,彰化縣大城鄉衛生所,彰化縣,大城鄉,彰化縣大城鄉大城村中平路126號,120.320695,23.853311,,,https://dacphc.chshb.gov.tw/newsin.php?c=npncp5bKnqNqnZiYocja,04-8941323,,,
2337250014,,彰化縣竹塘鄉衛生所,彰化縣,竹塘鄉,彰化縣竹塘鄉元竹村東陽路一段58之1號,120.428109,23.860538,,,https://jutphc.chshb.gov.tw/newsin.php?c=npncp5bKnqNrlpOYocja,04-8972009,,,
2337260010,,彰化縣溪州鄉衛生所,彰化縣,溪州鄉,彰化縣溪州鄉尾厝村溪下路570號,120.498354,23.851344,,,https://shjphc.chshb.gov.tw/newsin.php?c=npncp5bKnqNrnZuYocja,04-8895023,,,
2338010014,,南投縣南投市衛生所,南投縣,南投市,南投縣南投市三和里三和一路13號,120.68876,23.902507,,,https://docs.google.com/forms/d/e/1FAIpQLSchMQzk77gl8fGhnq9YVLCnz3wUxWFhnXYbCGAqrJxjaapb4g/viewform,049-2223264,,,
2338020010,,南投縣埔里鎮衛生所,南投縣,埔里鎮,南投縣埔里鎮中山路二段256號,120.968577,23.967041,,,https://docs.google.com/forms/d/e/1FAIpQLSfq_BXZk_5ZgfbMbXEN_6IvUdiXUkUsp9ZmA2Ag1vXW8b-bSQ/viewform,049-2982157,,,
2338030016,,南投縣草屯鎮衛生所,南投縣,草屯鎮,南投縣草屯鎮草溪路882巷7號,120.680713,23.973272,,,https://docs.google.com/forms/d/e/1FAIpQLSeL1I4rBrp969irac-Ibv5ekQAvyJqZtMqt81309dDi-PCheg/viewform,049-2362023,,,
2338040012,,南投縣竹山鎮衛生所,南投縣,竹山鎮,南投縣竹山鎮公所路126號,120.672276,23.759437,,,https://docs.google.com/forms/d/e/1FAIpQLScZmTchjpVpNUMplpKFyyEGUC_a1N2hFb3b1zvp80HYLpBu4Q/viewform,049-2642026,,,
2338050018,,南投縣集集鎮衛生所,南投縣,集集鎮,南投縣集集鎮民生路106號,120.78662,23.828896,,,https://docs.google.com/forms/d/e/1FAIpQLSdDrSFk54dHb_59YpvgniYiAsi1GpsgtNJjiPjjrqk8qAizxw/viewform,049-2762015,,,
2338060014,,南投縣名間鄉衛生所,南投縣,名間鄉,南投縣名間鄉中正村彰南路42號,120.702853,23.838518,,,https://docs.google.com/forms/d/e/1FAIpQLScmunbibh1EPZBh2c-T_tIrW5Qqc7lbk3cBUrCIok4c0MeQ4Q/viewform,049-2732135,,,
2338070010,,南投縣鹿谷鄉衛生所,南投縣,鹿谷鄉,南投縣鹿谷鄉中正路二段20號,120.754245,23.744882,,,https://docs.google.com/forms/d/e/1FAIpQLScdHBdFx2-ftwo8H9HvdtYlVJFBqwiNgi9DGQNsdClcfBsFAA/viewform,049-2752002,,,
2338080016,,南投縣中寮鄉衛生所,南投縣,中寮鄉,南投縣中寮鄉永平村永昌街102號,120.765703,23.880997,,,https://docs.google.com/forms/d/e/1FAIpQLSfYVBhsTDbljYolEpxv_qJoe5RH7XAI-riwuWGlx0F0gQezUg/viewform,049-2691404,,,
2338090012,,南投縣魚池鄉衛生所,南投縣,魚池鄉,南投縣魚池鄉東池村魚池街194號,120.941269,23.895524,,,https://docs.google.com/forms/d/1DkaEX45rXb4yZEPIUuLCyo5cARuJi1d1DFKK0gFiWI4/edit,049-2895513,,,
2338100013,,南投縣國姓鄉衛生所,南投縣,國姓鄉,南投縣國姓鄉國姓村民族街42號,120.854679,24.037882,,,https://docs.google.com/forms/d/e/1FAIpQLSfGdIBLebuAKP6Yv7TQVjBXOwOYTacG-PHd9z_CQq9h-xW1LQ/viewform,049-2721009,,,
2338110019,,南投縣水里鄉衛生所,南投縣,水里鄉,南投縣水里鄉博愛路205號,120.848971,23.810497,,,https://docs.google.com/forms/d/e/1FAIpQLSeHwxYGksD3ME7JPTVBbKaTa_iRK87sH1A94vpSwfHCHwNOMw/viewform?OCID=MY01SV&form=MY01SV,049-2770079,,,
2338120015,,南投縣信義鄉衛生所,南投縣,信義鄉,南投縣信義鄉明德村玉山路45號,120.85472,23.696529,,,https://docs.google.com/forms/d/e/1FAIpQLSfLYeJgWryjotYvGGx8mS7Fr6aEp-fVW5f6hZHqL1KhqpC0dg/viewform,049-2791148,,,
2338130011,,南投縣仁愛鄉衛生所,南投縣,仁愛鄉,南投縣仁愛鄉大同村五福巷17號,121.134324,24.024304,,,https://docs.google.com/forms/d/e/1FAIpQLScAUx8aqEP8BWQS82DrTQCKlsakvC57-5n4233V8HTbDUYz0w/viewform,049-2802341,,,
2339050012,,雲林縣土庫鎮衛生所,雲林縣,土庫鎮,雲林縣土庫鎮忠正里中山路254號,120.392679,23.678336,,,,05-6622638,,,
2339120019,,雲林縣崙背鄉衛生所,雲林縣,崙背鄉,雲林縣崙背鄉南陽村南光路34號,120.353142,23.759812,,,,05-6962009,,,
2339180015,,雲林縣四湖鄉衛生所,雲林縣,四湖鄉,雲林縣四湖鄉施湖村中山西路118號,120.221715,23.637843,,,,05-7872890,,,
2340020011,,嘉義縣布袋鎮衛生所,嘉義縣,布袋鎮,嘉義縣布袋鎮新厝里21號,120.169906,23.381436,,,,05-3472032,,,
2340030017,,嘉義縣大林鎮衛生所,嘉義縣,大林鎮,嘉義縣大林鎮平林里中山路252號,120.455747,23.606779,,,,05-2652042,,,
2340040013,,嘉義縣民雄鄉衛生所,嘉義縣,民雄鄉,嘉義縣民雄鄉中樂村文化路7之2號,120.427999,23.551449,,,,05-2262018,,,
2340050019,,嘉義縣溪口鄉衛生所,嘉義縣,溪口鄉,嘉義縣溪口鄉溪北村二鄰中山路1號,120.394889,23.606411,,,,05-2691046,,,
2340060015,,嘉義縣新港鄉衛生所,嘉義縣,新港鄉,嘉義縣新港鄉宮前村中山路167號,120.347671,23.552354,,,,05-3742025,,,
2340070011,,嘉義縣六腳鄉衛生所,嘉義縣,六腳鄉,嘉義縣六腳鄉蒜頭村15鄰蒜頭73－1號,120.290468,23.492885,,,,05-3802016,,,
2340080017,,嘉義縣東石鄉衛生所,嘉義縣,東石鄉,嘉義縣東石鄉東石村3之7號,120.154086,23.459258,,,,05-3732340,,,
2340090013,,嘉義縣義竹鄉衛生所,嘉義縣,義竹鄉,嘉義縣義竹鄉仁里村義竹422－1號,120.243041,23.337188,,,,05-3412032,,,
2340110010,,嘉義縣太保市衛生所,嘉義縣,太保市,嘉義縣太保市後潭里443號,120.339524,23.452984,,,,05-3711273,,,
2340120016,,嘉義縣水上鄉衛生所,嘉義縣,水上鄉,嘉義縣水上鄉水上村正義路145號,120.397682,23.42826,,,,05-2682059,,,
2340130012,,嘉義縣中埔鄉衛生所,嘉義縣,中埔鄉,嘉義縣中埔鄉中埔村中埔130號之1,120.522737,23.425588,,,,05-2531008,,,
2340150014,,嘉義縣梅山鄉衛生所,嘉義縣,梅山鄉,嘉義縣梅山鄉華山路18號,120.555456,23.5864,,,,05-2621249,,,
2340160010,,嘉義縣番路鄉衛生所,嘉義縣,番路鄉,嘉義縣番路鄉下坑村菜公店60號,120.553771,23.463189,,,,05-2591148,,,
2340180012,,嘉義縣阿里山鄉衛生所,嘉義縣,阿里山鄉,嘉義縣阿里山鄉樂野村3鄰97－2號,120.701886,23.466598,,,,05-2561573,,,
2340180012,,嘉義縣阿里山鄉衛生所香林衛生室,嘉義縣,阿里山鄉,嘉義縣阿里山鄉樂野村3鄰97－2號,120.701886,23.466598,,,,05-2561573,,,
2341060019,,臺南市新化區衛生所,臺南市,新化區,臺南市新化區健康路十三鄰143號,120.304781,23.034398,,,,06-5905398,,,
2341080011,,臺南市學甲區衛生所,臺南市,學甲區,臺南市學甲區仁得里建國路38號1樓,120.181923,23.230277,,,,06-7833359,,,
2341130016,,臺南市六甲區衛生所,臺南市,六甲區,臺南市六甲區二甲里26鄰中華路110號,120.346879,23.224673,,,,06-6982013,,,
2341230011,,臺南市玉井區衛生所,臺南市,玉井區,臺南市玉井區玉田里中正路5號,120.459103,23.122351,,,,06-5742275,,,
2344010011,,澎湖縣馬公市第一衛生所,澎湖縣,馬公市,澎湖縣馬公市樹德路36號,119.567111,23.56902,,,,06-9273958,,,
2344011027,,澎湖縣馬公市第二衛生所,澎湖縣,馬公市,澎湖縣馬公市鎖港里240號,119.600866,23.529357,,,,06-9951354,,,
2344011036,,澎湖縣馬公市第三衛生所,澎湖縣,馬公市,澎湖縣馬公市西文里118之2號,119.583648,23.568128,,,,06-9211723,,,
2344020017,,澎湖縣湖西鄉衛生所,澎湖縣,湖西鄉,澎湖縣湖西鄉湖西村151－1號,119.66137,23.583931,,,,06-9921271,,,
2344030013,,澎湖縣白沙鄉衛生所,澎湖縣,白沙鄉,澎湖縣白沙鄉赤崁村359號,119.598156,23.666692,,,,06-9931044,,,
2344030022,,澎湖縣白沙鄉鳥嶼衛生所,澎湖縣,白沙鄉,澎湖縣白沙鄉鳥嶼村漁港新村3號,119.659897,23.660077,,,,06-9916092,,,
2344030031,,澎湖縣白沙鄉吉貝衛生所,澎湖縣,白沙鄉,澎湖縣白沙鄉吉貝村8－13號,119.613817,23.740565,,,,06-9911430,,,
2344040019,,澎湖縣西嶼鄉衛生所,澎湖縣,西嶼鄉,澎湖縣西嶼鄉池東村222號,119.510239,23.599252,,,,06-9981115,,,
2344050015,,澎湖縣望安鄉衛生所,澎湖縣,望安鄉,澎湖縣望安鄉西安村36－7號,119.497221,23.361605,,,,06-9991036,,,
2344050024,,澎湖縣望安鄉將軍衛生所,澎湖縣,望安鄉,澎湖縣望安鄉將軍村12鄰將軍澳1之3號,119.521569,23.361504,,,,06-9902066,,,
2344060011,,澎湖縣七美鄉衛生所,澎湖縣,七美鄉,澎湖縣七美鄉中和村埔內54號,119.430963,23.204103,,,,06-9971005,,,
2345010015,,花蓮縣花蓮市衛生所,花蓮縣,花蓮市,花蓮縣花蓮市新興路200號,121.617151,23.991433,,,https://docs.google.com/forms/d/18D0OcM-ov61qVlx2vV5HGSUKj1WLXsLnWf4mb5WbpsA/viewform?form=MY01SV&OCID=MY01SV&edit_requested=true,03-8230232,,,
2345020011,,花蓮縣鳳林鎮衛生所,花蓮縣,鳳林鎮,花蓮縣鳳林鎮公正街8之1號,121.451367,23.74537,,,,03-8761116,,,
2345030017,,花蓮縣玉里鎮衛生所,花蓮縣,玉里鎮,花蓮縣玉里鎮泰昌里中正路152號,121.314916,23.336409,,,,03-8882046,,,
2345040013,,花蓮縣新城鄉衛生所,花蓮縣,新城鄉,花蓮縣新城鄉北埔村北埔路160號,121.605262,24.030874,,,,03-8266781,,,
2345050019,,花蓮縣吉安鄉衛生所,花蓮縣,吉安鄉,花蓮縣吉安鄉吉安村吉安路2段132號,121.563847,23.973807,,,,03-8521113,,,
2345060015,,花蓮縣壽豐鄉衛生所,花蓮縣,壽豐鄉,花蓮縣壽豐鄉壽豐村公園路28巷10號,121.507192,23.868697,,,,03-8652101,,,
2345070011,,花蓮縣光復鄉衛生所,花蓮縣,光復鄉,花蓮縣光復鄉大馬村中學街158號,121.42594,23.671897,,,,03-8701114,,,
2345090013,,花蓮縣瑞穗鄉衛生所,花蓮縣,瑞穗鄉,花蓮縣瑞穗鄉瑞穗村民生街75號,121.378958,23.499786,,,,03-8872045,,,
2345100014,,花蓮縣富里鄉衛生所,花蓮縣,富里鄉,花蓮縣富里鄉富里村中山路203號,121.24906,23.178473,,,,03-8831029,,,
2345110010,,花蓮縣秀林鄉衛生所,花蓮縣,秀林鄉,花蓮縣秀林鄉秀林村12鄰秀林路88號,121.63337,24.126902,,,,03-8612122,,,
2345120016,,花蓮縣萬榮鄉衛生所,花蓮縣,萬榮鄉,花蓮縣萬榮鄉萬榮村1鄰16號,121.409164,23.715578,,,,03-8751651,,,
2345130012,,花蓮縣卓溪鄉衛生所,花蓮縣,卓溪鄉,花蓮縣卓溪鄉卓溪村中正路65號,121.303116,23.347797,,,,03-8882592,,,
2346020015,,臺東縣成功鎮衛生所,臺東縣,成功鎮,臺東縣成功鎮忠仁里中山東路64號,121.379469,23.099929,,,,089-851419,,,
2346030011,,臺東縣關山鎮衛生所,臺東縣,關山鎮,臺東縣關山鎮中福里中華路78號,121.163854,23.049569,,,,089-811042,,,
2346080011,,臺東縣長濱鄉衛生所,臺東縣,長濱鄉,臺東縣長濱鄉長濱村中興路46號,121.453933,23.318793,,,,089-831022,,,
2346100018,,臺東縣池上鄉衛生所,臺東縣,池上鄉,臺東縣池上鄉中山路104號,121.214811,23.121687,,,,089-862609,,,
2346130016,,臺東縣海端鄉衛生所,臺東縣,海端鄉,臺東縣海端鄉海端村3鄰29號,121.176693,23.100942,,,,089-931391,,,
0936050029a,,光田醫療社團法人光田綜合醫院-沙鹿院區,臺中市,沙鹿區,臺中市沙鹿區沙田路117號,120.558832,24.23532,,,臺中市沙鹿區沙田路117號,(04)2662-5111,,,
0936050029b,,光田醫療社團法人光田綜合醫院-大甲院區,臺中市,大甲區,台中市大甲區經國路321號,120.6162884,24.3466792,,,台中市大甲區經國路321號,(04)2688-5599,,,
0439010518,,國立臺灣大學醫學院附設醫院雲林分院(虎尾院區),雲林縣,虎尾鎮,雲林縣虎尾鎮學府路95號,120.4247582,23.7350349,,,https://web.ylh.gov.tw/covid-19/,(05)633-0002,,,
